Timestamp,Temperature (Celsius),Humidity (%),Heat Index
00:00,5.148998993515667,21.154695522269023,28.260757392805523
00:01,5.0,21.161252448498097,28.390462709336102
00:02,5.0,21.0,28.20987181111112
00:03,5.0,21.14200574179533,28.36894303373625
00:04,5.053121990277358,21.0,28.166853658364417
00:05,5.35530590132851,21.11788787323791,28.053786174418462
00:06,5.0,21.183781794477294,28.415640563303697
00:07,5.6659456949661715,21.122674256460552,27.81367927766689
00:08,5.964335418674271,21.027429020587647,27.485868529964804
00:09,6.0813642639044465,21.051348304200143,27.422813721010527
00:10,6.306850099211108,21.0,27.204930627661764
00:11,6.528314510199698,21.29408404106652,27.333291229260478
00:12,6.281540118406397,21.14981987206701,27.37342713311611
00:13,5.991935675084821,21.057183601674357,27.495768706564075
00:14,5.3320690187875135,21.03358677582548,27.980596379693083
00:15,5.091988155949576,21.38828413748969,28.565831906457056
00:16,5.0,21.369742862433213,28.62296322217132
00:17,5.0,21.378547231584236,28.632756862122335
00:18,5.0,21.061275554408887,28.278574879359077
00:19,5.322897904698226,21.0,27.951225484072353
00:20,5.4484075575942335,21.06241780589829,27.919872714289337
00:21,5.351885935736674,21.0,27.928337726402727
00:22,5.0,21.062385310820346,28.279818262644287
00:23,5.0,21.088145473690783,28.30867131226449
00:24,5.0,21.0,28.20987181111112
00:25,5.0,21.089106985376986,28.309747936472057
00:26,5.590694437406855,21.0,27.74186654190971
00:27,5.655686578206286,21.0,27.691760949805467
00:28,5.210958529052421,21.0,28.04012183626346
00:29,5.0,21.128577630775325,28.353923455316213
00:30,5.0,21.003531464190967,28.21383396953876
00:31,5.0,21.0,28.20987181111112
00:32,5.0,21.0,28.20987181111112
00:33,5.21801150043718,21.171525748281343,28.223037654694384
00:34,5.508153946991752,21.045627677079942,27.85488669234416
00:35,5.171831903136197,21.0,28.071386584640774
00:36,5.853569664290899,21.498863896344403,28.057845591230667
00:37,6.860900135405025,21.609667164989126,27.388711262099523
00:38,6.764543059460039,21.73653599643637,27.58054526645003
00:39,6.805345225810734,21.763857951598766,27.575229320899663
00:40,7.641507475639905,21.931555602132022,27.108524855905724
00:41,7.4735671751980615,21.674894187221334,27.003705772982467
00:42,6.979593449791336,21.451298733980554,27.153717981613568
00:43,6.380234472077453,21.762619429754366,27.90347716406289
00:44,6.760033074126982,21.746923832317915,27.59378157171829
00:45,6.326293439478749,21.41358147545669,27.602180730922715
00:46,6.554436354073667,21.42322938079159,27.439406441105362
00:47,6.505075389200374,21.274861324795957,27.331682101796506
00:48,6.754517757129318,21.28954995677602,27.16371076804872
00:49,6.291848951352227,21.2906239169592,27.50622293191242
00:50,6.58585779700056,21.41014984888286,27.40330253568095
00:51,6.863141292565291,21.205141887046445,27.00572584363346
00:52,6.213315789764675,21.0,27.273161643486663
00:53,6.817950192987782,21.09551563896936,26.933368530549597
00:54,7.041387794149513,21.02642366420967,26.713647141436127
00:55,6.689679930337462,21.0,26.931603125526433
00:56,7.339304129636334,21.148161570633334,26.624353873100855
00:57,7.156585110441215,21.140896806232732,26.74150054068768
00:58,6.696451122334777,21.0,26.926854616017078
00:59,6.655428997211471,21.0,26.95566840665745
01:00,5.868833880024848,21.03031351277072,27.560910418929716
01:01,5.738171942425464,21.0,27.628565050669692
01:02,6.14960180105793,21.0,27.319965658836278
01:03,6.081102870714961,21.343463479196828,27.72005391906204
01:04,6.2975364114745185,21.652833182203427,27.86083228873694
01:05,6.031878111092017,21.36295464872334,27.7779768087473
01:06,5.875843122903651,21.515551785610608,28.057164914688226
01:07,6.20977509903511,21.340136892372502,27.61791655013019
01:08,6.132885788123864,21.250134653831807,27.58591507941961
01:09,5.9353774547815155,21.224274872370408,27.710762137480366
01:10,6.0928887942558365,21.467287328033247,27.8361146843579
01:11,5.672512941990197,21.348908268816462,28.046823660412304
01:12,5.931324305486576,21.27894194188458,27.770146871158865
01:13,5.472040762583836,21.12576237433843,27.96937523109348
01:14,5.184325804766894,21.0,28.0613923014527
01:15,6.075936382340354,21.0,27.374409447647558
01:16,6.486237134224851,21.0,27.075666148262478
01:17,5.999058644862854,21.153510265343744,27.589296759638874
01:18,6.000087639364036,21.043058179613162,27.475121375867847
01:19,5.783041581441622,21.207107469342546,27.811069970350143
01:20,6.4869877032590395,21.0,27.075129697933942
01:21,6.322546338436183,21.001375344344293,27.19491163927084
01:22,6.793942669380641,21.124961681977545,26.978366896360555
01:23,6.671663833435423,21.188709491474995,27.126674443844454
01:24,6.702996152245414,21.104649263445946,27.023245052828468
01:25,6.562745902813344,21.006121555580666,27.027161798101297
01:26,6.576706444704742,21.363853840269655,27.365296594152888
01:27,6.509346755095401,21.367667840006938,27.41907710675088
01:28,6.3708389050905625,21.215759649042017,27.372835056217525
01:29,6.400787314286446,21.108428138395393,27.244500077816145
01:30,6.64020162111541,21.02671824730785,26.99234501074129
01:31,6.5525572545053725,21.284187512219937,27.305793206817096
01:32,6.881521858909438,21.233887517497426,27.019897866707897
01:33,5.971063032397355,21.302671464574342,27.763663515735075
01:34,5.45803762939752,21.28533462419981,28.151818028539747
01:35,5.519233322659321,21.342942613335087,28.163854584170767
01:36,5.768094091489532,21.450230756824702,28.076088385931012
01:37,6.022853588018735,21.617540962859554,28.043400412663196
01:38,5.286409984365431,21.76256098913527,28.807703511123922
01:39,5.0,21.62131039710081,28.902010193551416
01:40,5.0,21.742616503693196,29.035984004527972
01:41,5.0,22.076988044336243,29.403309611567355
01:42,5.0,22.174225683253997,29.509589675668845
01:43,5.0220140215654325,21.957908291136206,29.252985940806692
01:44,5.302790847936925,21.9008757271831,28.94187761672447
01:45,5.0,21.78263587262052,29.080099298886132
01:46,5.033159142191832,21.639767369515152,28.893539989854997
01:47,5.0,21.505532004112016,28.7737876012102
01:48,5.194944543895399,21.271376486983186,28.35144615358249
01:49,5.209687615495355,21.242191135273174,28.307323653756836
01:50,5.364502105759431,21.411537646036177,28.363857670204943
01:51,5.466277123919764,21.43475760786614,28.30490779998814
01:52,5.496162322543032,21.618330423750407,28.475367970112313
01:53,5.523015984720243,21.739427450265115,28.580791391563114
01:54,5.566234566189562,21.85455280752487,28.665060724819416
01:55,5.573076413592621,21.77021024701903,28.57083928230152
01:56,5.825533034206074,21.636107300501806,28.221835603697215
01:57,5.447507542386562,21.60049054394798,28.497154040930905
01:58,5.79195683496954,21.852772435215392,28.472355497797476
01:59,5.697008648644013,21.9480832327597,28.650796316675823
02:00,5.932748068414945,21.98588948638547,28.489891408817453
02:01,6.266786381694026,21.93785313633336,28.165986635800145
02:02,6.707781885021977,22.098379247330225,27.965502139719202
02:03,6.4622620948393505,21.97203807104751,28.041426887820556
02:04,6.2492412369696115,21.928251266054936,28.17080695665068
02:05,6.43133719706136,22.019592293583035,28.112227991193738
02:06,7.064206328576624,22.124186249845287,27.709617333534748
02:07,7.568230859737091,22.22952966193459,27.419753064953287
02:08,7.541142086506013,22.063590659527684,27.29594303636729
02:09,7.293879403337862,21.864545660704678,27.30211162207456
02:10,7.260750497542752,22.23316500839956,27.656025705610812
02:11,7.032493562898446,22.206829965921425,27.80943498974223
02:12,7.103914309267393,22.2821299620368,27.821679473366256
02:13,7.11077814285671,22.22734592106886,27.76689102185902
02:14,6.707268988358938,22.01758398786958,27.889884973930716
02:15,6.049811653727203,22.04543468611092,28.45156149693316
02:16,5.5961552912003745,22.203578731234046,29.002685350523432
02:17,5.0,21.609043907517258,28.888441628970988
02:18,5.0,21.98840661676793,29.306278603537347
02:19,5.0,21.781082964555225,29.0783882226994
02:20,5.212182600375865,21.876650402033846,28.995363654458057
02:21,5.26671653220004,21.75864714303655,28.82051573731559
02:22,5.23236313410882,21.698954333568732,28.785715927903
02:23,5.0,21.910693440819504,29.220986001538467
02:24,5.0,21.852954435859985,29.157514878633165
02:25,5.0,21.87978133118641,29.187015737283307
02:26,5.100983470323711,22.112009958744217,29.349435072129022
02:27,5.44585019893633,21.90098777431644,28.81741712383474
02:28,5.292056692423117,21.848120800767617,28.894716137734118
02:29,5.6655569111315405,21.510280580629033,28.22166660272133
02:30,6.109780442130118,21.562058448228303,27.91830234982873
02:31,6.454195435559271,21.52463009908278,27.613749825006845
02:32,7.063125201430366,21.46432767633178,27.10570886737312
02:33,6.524760168519145,21.351861067542163,27.392203753894382
02:34,6.592235012245652,21.40046585245108,27.389198274906313
02:35,6.308123014542055,21.539136045617262,27.740312161124518
02:36,5.914758791579396,21.76040249513401,28.27605727443752
02:37,5.140060360490271,21.68116855338427,28.846147911187003
02:38,5.407326182773466,21.535147954635484,28.461012458291986
02:39,5.0,21.50538482653583,28.773624384684148
02:40,5.26962121603202,21.744668603502078,28.80294239431656
02:41,5.037239455034561,21.750805200379354,29.01219793278485
02:42,5.0,21.098548599304493,28.320318637981778
02:43,5.2496885351848475,21.168301762041715,28.193775402451763
02:44,5.0,21.00953252354191,28.22056617555064
02:45,5.0,21.083873339442775,28.303887428443364
02:46,5.0,21.05079935513594,28.266835666315476
02:47,5.0,21.144960355526802,28.37224719738201
02:48,5.55230802524093,21.05574019710754,27.83120094985739
02:49,5.641371645734462,21.0,27.702773405874442
02:50,5.279528766209315,21.020327382283384,28.007835598859014
02:51,5.0944068660567146,21.0,28.133548092815442
02:52,5.0,21.14062630838216,28.36740032738261
02:53,5.485796357014998,21.48792345044577,28.345493042155425
02:54,5.459751223207763,21.708712153404868,28.60186048713286
02:55,5.204530433270195,21.376567940228547,28.45866798427858
02:56,5.0,21.182807745073582,28.41455227704079
02:57,5.213341011082089,21.271718736626312,28.33666685722331
02:58,5.158266835405863,21.0,28.082249238052533
02:59,5.304558688296788,21.493980542648803,28.50268557331823
03:00,5.0,21.55877335029749,28.832794390819334
03:01,5.584744550605769,21.627041003613325,28.410698317751432
03:02,5.212713138220296,21.511469142737536,28.59896831145199
03:03,5.241895459705173,21.232419729553893,28.27024573895848
03:04,5.797420174475218,21.06871616258198,27.655369828884798
03:05,5.570903981648881,21.0,27.757178593330803
03:06,6.333768122250031,21.12425579240322,27.309336678213377
03:07,6.025437481981937,21.0,27.411935740803305
03:08,6.040333122034799,21.0,27.400849358488834
03:09,5.9624044142867865,21.0,27.459009310966305
03:10,5.4393950194847145,21.0,27.85957607182051
03:11,5.670063985967014,21.047867985246985,27.73138961717578
03:12,5.820535748044275,21.34477884001313,27.92487596089201
03:13,6.076582026871245,21.323784400102976,27.703591304674436
03:14,6.558809697614764,21.40426987563346,27.41776364616737
03:15,5.93073119043592,21.528765433378325,28.026787853094692
03:16,6.300918099414384,21.175713573614228,27.38491130851782
03:17,5.927369490263776,21.10659242207616,27.59553833195971
03:18,5.669666327175635,21.154672580535582,27.844564748587004
03:19,5.78215262838982,21.201535433427285,27.805946375089707
03:20,6.036873038392186,21.073329533020463,27.478570667909196
03:21,5.9817934486478945,21.105259583929165,27.55285634453224
03:22,5.65564838275309,21.350017361399008,28.061488786685597
03:23,5.724963179084039,21.177126423599503,27.824991667252743
03:24,5.2663946997540485,21.094408172752892,28.0994322717706
03:25,5.0,21.131606195331063,28.3573113639416
03:26,5.559373108755742,21.514699515638295,28.313265897693462
03:27,5.455436098612826,21.529693519444862,28.41511668008069
03:28,5.4931930224903525,21.311509954903816,28.151404640339372
03:29,5.24379495721709,21.320657918255353,28.365042204047565
03:30,5.207314470760954,21.703820821142696,28.81260239054429
03:31,5.0,21.76152718864123,29.05683531541524
03:32,5.0,21.99487650538024,29.313372486369243
03:33,5.0,22.35727611339475,29.709001329290437
03:34,5.0,22.230003161452508,29.570444083413605
03:35,5.0,21.974189007643368,29.290685973893673
03:36,5.0,22.13074796026983,29.462098948088045
03:37,5.0,22.34160874872597,29.691967396237434
03:38,5.155876980096296,22.296112698601195,29.497804838920015
03:39,5.0,22.278712238272334,29.623521127785608
03:40,5.16555451309337,22.423738579432314,29.62564225365932
03:41,5.684259417014372,22.193194416780415,28.914472166562266
03:42,5.76897186037315,22.155414668514453,28.801935597205333
03:43,6.2432205384428405,22.173631977815,28.416604707766005
03:44,6.443815700653978,22.20266214349872,28.27837637496957
03:45,6.009521067999859,21.93834042217359,28.37783110728186
03:46,6.270808011697476,21.729008318548548,27.957104119792948
03:47,6.612702493154702,21.752135347331503,27.711787719482494
03:48,6.9200807350820135,22.197543925160826,27.88933486616365
03:49,6.5292256036637655,22.49777327109536,28.488497181360177
03:50,6.839649331402771,22.299482116834277,28.047394790819723
03:51,7.0765357933176,22.068734282546068,27.649712976435378
03:52,7.048481979734014,22.23984408019692,27.82690112007445
03:53,7.227269252237843,22.135034966494157,27.594118819085868
03:54,7.026871211688481,22.407822726950517,27.996292828288997
03:55,6.6248623456111835,22.430798549802198,28.345311702845247
03:56,6.796375422296642,21.855743431445813,27.66833902202296
03:57,7.319923054435787,21.83012323693061,27.252220872396176
03:58,8.034719758827553,21.66710420067195,26.61090428032553
03:59,8.182620649271998,21.35870857893997,26.25695962197749
04:00,7.906395260964884,21.481687643220777,26.539540828494225
04:01,7.393583493486742,21.294752051052924,26.72011418222335
04:02,7.560208107420772,21.091346132922027,26.427006598903922
04:03,6.724696591731282,21.26561794658166,27.162369945465432
04:04,6.845011546567048,21.49858440738717,27.296024420974362
04:05,6.385340909668007,21.52330546189501,27.665169659098147
04:06,6.345987519788096,21.775723887087512,27.943386194845385
04:07,6.453723759016105,21.789614937776694,27.871828493349906
04:08,5.952286302892802,21.414159026023405,27.892472653703937
04:09,5.90126479226565,21.50106757709025,28.021958125666256
04:10,5.503226417273432,21.295795518353195,28.12652914378439
04:11,5.630571008019253,21.36302445504283,28.095308127844685
04:12,5.790178094138974,21.7613604319489,28.37984924105818
04:13,5.5311458707922805,21.48672199288789,28.30686966886922
04:14,5.05313863369125,21.466092362785368,28.684655298942186
04:15,5.5375260323888975,21.452747715665293,28.26562225172091
04:16,5.889948298658872,21.435910235021343,27.96404476844282
04:17,6.4587661697988885,21.7264927067664,27.806650445020495
04:18,5.969205497357028,21.593990815675667,28.06250518820889
04:19,5.9773919469600525,21.873554028448012,28.33918219192947
04:20,5.919422165880308,21.66811980529434,28.178206150156594
04:21,5.8659538998712355,21.352176362864917,27.896721022478772
04:22,5.79805138254369,21.001035962546837,27.584051293717366
04:23,5.268345263266712,21.0,27.994446388675605
04:24,5.0,21.0,28.20987181111112
04:25,5.591858263883585,21.0,27.740966873038065
04:26,5.675968128368216,21.0,27.676181229115034
04:27,5.0,21.0,28.20987181111112
04:28,5.0,21.0,28.20987181111112
04:29,5.516356570417198,21.050663089024823,27.85386822443125
04:30,5.553410138579521,21.0802133928015,27.85648629929207
04:31,6.116467107918355,21.166221891059354,27.513368141284992
04:32,6.503336787160631,21.38599365132445,27.441425643974284
04:33,5.921803024055561,21.0,27.489467732274505
04:34,6.219065978900917,21.0,27.268950584843587
04:35,5.680454526402937,21.0,27.672738521255887
04:36,5.897653253357884,21.0,27.50763536186557
04:37,6.1170468302884204,21.083045334807004,27.428473824574674
04:38,6.210419179807403,21.388032853082514,27.665379037590608
04:39,6.3605424884469475,21.16007236047739,27.325230097270023
04:40,6.979625321542051,21.0,26.73094310656488
04:41,6.528716888445851,21.0,27.045362527853694
04:42,7.07620450632755,21.026517520272193,26.690067969471798
04:43,7.0010982357013685,21.06359339510718,26.77603696753476
04:44,6.553123647556861,21.001316944951743,27.02929448827322
04:45,6.812286431341191,21.087828282998732,26.930005841944304
04:46,6.896967768751487,21.410766367116658,27.175510740261757
04:47,7.012438364274959,21.406575624522336,27.088492363110582
04:48,6.339086110633507,21.393603432568444,27.57268312500988
04:49,5.979017431161903,21.0,27.446577476259222
04:50,6.008746118753452,21.0,27.424375792406998
04:51,6.246534584322018,21.0,27.248864101807648
04:52,6.408743865245994,21.23709152401671,27.365825970585828
04:53,6.043683674069892,21.10824276995025,27.509170866296362
04:54,6.523557344107025,21.263798999691577,27.307263202388807
04:55,6.55255542546175,21.18160944653134,27.205891739155483
04:56,6.504217303564246,21.382290319695628,27.437157905192915
04:57,6.0652205638782295,21.545478236125895,27.936826560407354
04:58,6.618867115146449,21.407743593443094,27.376445868850563
04:59,6.311193812691144,21.21374564266855,27.415174796147735
05:00,6.239034002580027,21.178876716316434,27.434162656264885
05:01,5.935267553060007,21.046740195688876,27.5277008660652
05:02,5.805868230472508,21.0,27.577030770146244
05:03,5.718698267794018,21.192847033210626,27.846392895574112
05:04,5.806911612825298,21.02671946927448,27.604196293357095
05:05,5.043670775295677,21.120448494852393,28.308951636795264
05:06,5.0,21.255521540780094,28.495726747426207
05:07,5.0,21.408927555228107,28.66653541859166
05:08,5.0,21.302089966695295,28.547642096641912
05:09,5.0,21.652384959177695,28.936365931412794
05:10,5.0,21.643976653347377,28.927072245194513
05:11,5.0,21.33027311698414,28.57903404824311
05:12,5.226516510034642,21.411035423317994,28.4779456408766
05:13,5.073794551172049,21.220010757409877,28.394853993220263
05:14,5.0,21.288316813220337,28.532293349445172
05:15,5.9324009059931475,21.16880940132399,27.65590733676077
05:16,6.216109154205767,21.290285376048725,27.563137724193183
05:17,6.592653554394885,21.152748068535832,27.14876188533757
05:18,7.041706283169264,21.0,26.688690808521844
05:19,7.117147361667127,21.002523938011127,26.64003070411018
05:20,7.114579446783732,21.157429643544628,26.785581165590255
05:21,7.299688001703934,21.530011521672353,26.997237001913838
05:22,7.212719501730967,21.61908806524708,27.139919850530987
05:23,6.907944079888152,21.62315775985706,27.366414350918436
05:24,7.103545373668624,21.440779322704408,27.055089079484624
05:25,7.017448598538285,21.335237972640126,27.018554408258826
05:26,6.701126639356912,21.2813501299879,27.19451948279802
05:27,6.115851707972787,21.508540805633938,27.859693306398977
05:28,5.757769139959994,21.34347172111315,27.973205661264604
05:29,5.70404871392302,21.0,27.654654722948052
05:30,5.647083778968311,21.0,27.698377470408175
05:31,5.474822847941089,21.1733830144748,28.018295652831206
05:32,5.027081846360356,21.0,28.187917988931297
05:33,5.434690973739673,21.03988457782391,27.90635821301809
05:34,5.0351322152599955,21.086197498004765,28.277732036115932
05:35,5.0,21.523214248838105,28.793392738581606
05:36,5.0,21.277651705184983,28.520404836821545
05:37,5.0,21.180127126549742,28.41155714837495
05:38,5.055409998258709,21.0,28.16500495874082
05:39,5.0,21.07837610485724,28.297731000113334
05:40,5.0,21.30063570046373,28.54602169903579
05:41,5.325174424319283,21.188557936227962,28.15475287651527
05:42,5.613696352154444,21.429095085849664,28.17856081566328
05:43,5.818638700631112,21.851596032282778,28.448822686304307
05:44,6.024662886766591,22.12912098448922,28.556350314756255
05:45,5.721554952476075,21.965013125007278,28.647332849581126
05:46,5.098547815439984,21.940616189686587,29.165457067330955
05:47,5.0,22.123357670442793,29.454021688049238
05:48,5.039201352612527,22.10084869725983,29.393583785783367
05:49,5.184418427358835,22.20937397100366,29.378468120899033
05:50,5.0,22.453876690374134,29.8138880214378
05:51,5.0,22.08741383499464,29.414716592222558
05:52,5.0,21.84194215909929,29.145399586265412
05:53,5.0,21.719953102036357,29.01098272853468
05:54,5.0,21.793445147614104,29.092007807356833
05:55,5.0,21.88163839751686,29.189057219714147
05:56,5.0,21.70411534000637,28.993503342219412
05:57,5.2688800400046,22.138636089302295,29.226183240720434
05:58,5.435739015228667,22.170164668752175,29.11013498126485
05:59,5.006645149506159,22.259610590927483,29.596534466244563
06:00,5.190697147871153,22.09532764302692,29.250190522462656
06:01,5.406872891935818,22.333494263422388,29.307734584034286
06:02,5.781764834391557,22.356141751809933,28.99518444196488
06:03,6.52750757494587,22.29099678780043,28.293792877196033
06:04,7.003147247492518,22.246179026383555,27.86830924962203
06:05,6.802547086596559,22.165390892636452,27.952755710036012
06:06,6.527559955923031,22.208609847549468,28.21531361694219
06:07,6.212881373009834,22.386247608728883,28.650106505303647
06:08,6.809914465041121,22.869011707767502,28.59521518103308
06:09,6.765090237244154,22.867347669203873,28.632086245268553
06:10,7.174812385792078,23.023332911093053,28.423988694202333
06:11,7.31747310927549,22.579030146756057,27.917239193567816
06:12,6.816964944811755,22.692805059396996,28.428020466591157
06:13,6.823193818270848,22.884074820245978,28.597604028557832
06:14,6.951602557360861,23.123027886808263,28.702977660491502
06:15,7.599330583082585,23.001383490831337,28.054931051982766
06:16,7.571974034758105,23.065660535794365,28.131444964134197
06:17,8.043407957985016,23.26225283837209,27.913391054853303
06:18,8.258476880807098,23.322573830782247,27.79116915470576
06:19,7.8856150271893535,22.9843843205923,27.812560594039166
06:20,7.903800931344093,22.882979922947605,27.715004348800676
06:21,8.15285036332945,22.585810722131804,27.284488409554925
06:22,7.597759196919424,22.71202785754133,27.810900764998365
06:23,7.639193539551478,22.68359277730803,27.754336626381495
06:24,8.135992459270534,22.631075801921984,27.333531427752625
06:25,8.218847467892935,22.76278574070725,27.378026590183545
06:26,8.093050005526447,22.72711531015223,27.443293178738568
06:27,8.537663693606644,22.71754142242585,27.10944060643828
06:28,8.686988490755304,22.932287001912332,27.166694939862502
06:29,8.510024354436792,23.053546030815102,27.389428517141948
06:30,8.751268325108082,23.251717967835802,27.360315737137007
06:31,8.010939240531103,23.33013530127461,27.993921642129333
06:32,8.164813202612299,23.399564864680958,27.925961251110717
06:33,7.740939087093791,23.462064522103333,28.32255358366859
06:34,7.246462358284158,23.409065046527985,28.698938820494003
06:35,6.971641445584145,23.389681760338615,28.923109162467743
06:36,6.689314907149929,23.52699922309522,29.301420125262485
06:37,6.258160179036949,23.17746001612995,29.37323383508874
06:38,6.059278260554165,22.8271060338001,29.216491608681086
06:39,5.514895501823911,22.587446063246144,29.473379893237077
06:40,5.0,22.686737347532638,30.065734107164428
06:41,5.394487688409807,23.042519564684152,30.057967842667907
06:42,5.413822228833605,23.038358816881413,30.034862097775292
06:43,5.716435455958051,22.834924054662796,29.539245369430734
06:44,6.287607032144315,22.622944130279002,28.81520440429602
06:45,5.277421660117405,22.699842997723,29.813243100440484
06:46,5.197596533139968,22.695135407631824,29.884402426338607
06:47,5.184844387398613,22.83560702383256,30.04542809992563
06:48,6.265025282188924,22.92165697860653,29.122406760658432
06:49,6.397203380500261,22.865226564435687,28.950684693600607
06:50,5.578836162405931,23.023501127047695,29.860365336769732
06:51,5.293610293258723,23.22517525986752,30.34656072059857
06:52,5.0,23.14410173926274,30.55631975649906
06:53,5.0,23.460500481812492,30.892545548816354
06:54,5.550783592933372,23.646173313165896,30.51735038605706
06:55,5.223229340054307,23.57983887524928,30.78571632436023
06:56,5.4876254851157045,23.36990660356997,30.301779657560612
06:57,5.55967306319949,23.28329257139836,30.142595533533363
06:58,5.066363698866356,23.5355967405766,30.902581819668725
06:59,5.247917505043777,23.705194463011992,30.88946923723167
07:00,5.590071469560202,23.631863186004534,30.463158470262865
07:01,5.578693036324545,23.64908652612012,30.491932559694174
07:02,5.5518494614978895,23.700979482023474,30.571254622206112
07:03,5.418548965395401,23.59709349030855,30.602517530604054
07:04,5.0,23.68855048824957,31.133286173662523
07:05,5.213974585041101,23.398124834960992,30.60661805224354
07:06,5.0,23.576276963590114,31.014932321184535
07:07,5.0,23.79370021109669,31.24383580070283
07:08,5.143044720374809,23.709864263655966,31.00429884910947
07:09,5.555550446990539,23.707900528744602,30.57441226886821
07:10,6.344489910544545,23.346674906945044,29.45362137449044
07:11,6.069330919745924,23.343189462736618,29.709049413247076
07:12,7.186067014529751,23.512192590355003,28.841013569646705
07:13,6.990307686168117,23.613870606846476,29.104600785390776
07:14,6.532593692080464,23.310702575279887,29.246649373988692
07:15,6.317063069172028,23.400844826524903,29.530273237292235
07:16,5.653221328577556,23.241003061452084,30.008460667143904
07:17,5.759330569635377,23.32087804172988,29.98513430839588
07:18,5.804241272953691,23.49029549165918,30.108880512960695
07:19,5.92325307749916,23.59700425033966,30.09628762194395
07:20,5.4860581854739126,23.48685588228784,30.42208395987822
07:21,5.731516126318138,23.750689696814664,30.438039107211367
07:22,6.013234364144431,24.114630664594166,30.504063929020727
07:23,6.392067433983746,23.817068898798382,29.847892933508632
07:24,6.76253622786205,23.495993076608617,29.206302611609406
07:25,6.89943562696972,23.33079221582544,28.934687962710893
07:26,7.180878263072258,23.24710853557462,28.61488473184789
07:27,7.311331522584736,23.26357169356099,28.517594656915698
07:28,6.961379569293678,23.57334875564706,29.094984869713617
07:29,7.383180791805844,23.372723854775476,28.549960167441323
07:30,6.3858917404514655,23.316929577535344,29.387253318558045
07:31,5.711526675215705,23.407211373880276,30.11772825911583
07:32,5.178477965945179,23.05588790092012,30.28409906805935
07:33,5.202529199007305,23.155048532029095,30.36432450728471
07:34,5.201157071685932,23.451456518264713,30.675216804920282
07:35,5.330940837927083,23.249823198441966,30.33485398861041
07:36,5.437422085940364,23.446735798789362,30.430277255826635
07:37,5.1574088495015165,23.535988965765334,30.80833896106456
07:38,5.0,23.707723342369743,31.153464882139914
07:39,5.0,23.698389217856253,31.14364225034712
07:40,5.0,23.612736694967534,31.053402201501818
07:41,5.343622357467606,23.652958488813674,30.73646297427896
07:42,5.0,24.01060960665469,31.47098419390956
07:43,5.839257811191633,23.731409751799998,30.310645075669637
07:44,6.453042071215258,23.32184669606553,29.329923643887415
07:45,6.337344539509533,23.65332425809642,29.748134899159645
07:46,6.234451196945898,23.70253737573763,29.893449808929976
07:47,6.679765572989384,23.956387273093437,29.69829525377648
07:48,6.237980274872158,24.237406328207005,30.390669131808995
07:49,6.003025215899033,24.219983542749787,30.614742174342208
07:50,6.79126019680246,24.463955565784925,30.04054715405191
07:51,6.692588283613744,24.682914095387122,30.33204516829458
07:52,6.923149619990212,24.66098405635798,30.08092778533484
07:53,7.279447130567289,24.622244132526383,29.698802063112613
07:54,7.5470213691546775,24.261395487134997,29.148950480315463
07:55,7.767729748846011,24.340596447510364,29.012611520508557
07:56,7.607404509274009,24.418774402812513,29.2219940825893
07:57,7.098003402686435,24.855341117326265,30.07232127341045
07:58,7.2815075850286135,24.843804774954556,29.880999744384656
07:59,7.943693394262398,24.981217540013176,29.35484270719129
08:00,8.471976220023805,25.128750942345945,28.97791015107606
08:01,8.860031663802028,25.193023147290212,28.67698245703495
08:02,9.264486721987975,25.452612169218984,28.500993231152695
08:03,9.161237217327583,25.121358282719466,28.366946491732385
08:04,9.669624586433223,25.08176640585159,27.919782560494152
08:05,9.65021739163522,25.346266947587548,28.10535610881718
08:06,10.138187834793777,25.439828058462698,27.768764728464912
08:07,9.526783626189456,25.134520075467922,28.07018514014157
08:08,9.746750755040953,25.08066489947911,27.85717067487607
08:09,9.542401682324442,25.211853762018794,28.107698825400664
08:10,9.65864163621039,25.211781945200617,28.012255412727317
08:11,10.18142362983202,25.47581863589588,27.756233138589785
08:12,10.53228047913869,25.743631181559117,27.637818409181264
08:13,10.69774240114681,25.64112473827927,27.452397351026182
08:14,10.9411161389403,25.862454684587583,27.39098703003751
08:15,10.888880492300647,25.634576075689818,27.305333029429978
08:16,10.399489617925013,25.89746004234137,27.831205148836546
08:17,10.227653850956774,26.07872891309029,28.076633505989136
08:18,9.89197359530714,26.281073270870273,28.482065043304882
08:19,9.880423561206598,26.227630640625193,28.45971591730861
08:20,9.550135650384071,26.585221504615937,28.974812767034752
08:21,9.833228774235938,26.926635912322165,28.922487020018224
08:22,9.392283111979063,26.737830573688626,29.21769328167743
08:23,9.568183834232714,27.10859910339392,29.280690859587665
08:24,9.410863280622314,27.103959348988273,29.42916583575087
08:25,9.814555650778393,27.22492021146385,29.11713498577912
08:26,9.761205513963866,26.98057557219531,29.021317768530853
08:27,10.41123655065266,27.256673512351345,28.589519319564925
08:28,10.562609164868853,27.25900874689965,28.457298808298585
08:29,10.026430473402156,27.123063780247985,28.86089454721641
08:30,9.929800291961168,26.971651633043926,28.860705441355034
08:31,10.02045934226523,26.548033659548437,28.52950853220373
08:32,9.481211463270256,26.689664030510244,29.10389256966822
08:33,9.93526781093398,26.42137666733998,28.528765287876137
08:34,10.676531795433482,26.535139543412964,27.96601080412019
08:35,11.060555709935233,26.21307221332694,27.488505382519058
08:36,10.962097149522378,26.25929675311844,27.588945391345796
08:37,10.984616668994063,26.35216983906599,27.62097385217252
08:38,10.85715065885096,26.444576929500098,27.77091915858825
08:39,10.706869101197421,26.643792556866654,28.000481712471785
08:40,11.393607096194536,26.935232246567576,27.60157769740926
08:41,11.241657983084593,26.841095781869047,27.6734745567844
08:42,11.450651961283047,26.68690256432795,27.434312539455796
08:43,10.962242118113027,26.604839052488465,27.77264273865757
08:44,11.770772974565276,26.58763863165784,27.148080582577332
08:45,12.193132547423815,26.400790186361537,26.764241823712577
08:46,12.264573756665289,26.59909342544463,26.805623775561486
08:47,12.216600227196704,26.401807554846656,26.748827626124964
08:48,12.191216204074424,26.279949090805165,26.71013008705255
08:49,12.247538579216934,26.005888545083305,26.546852114806043
08:50,12.152350159368908,26.090693659462016,26.648573264965734
08:51,13.373005150320862,25.997706602207145,25.866507280682878
08:52,12.950264321774252,25.84069228887011,26.041723477897737
08:53,13.436851284505344,26.091639171229374,25.86829409946168
08:54,13.04817778763829,25.80772135478464,25.97153354110969
08:55,13.666673585654372,25.774172938314383,25.62216897814128
08:56,13.464966102143437,26.147585386573404,25.87463511082669
08:57,13.785995263587187,25.97036704495751,25.635151502532192
08:58,14.166721718968905,26.09903190071867,25.49045984775145
08:59,14.272160091420329,26.299285988232484,25.508798775435572
09:00,14.07635997971301,26.18837424160641,25.567101030230788
09:01,14.036988007015808,26.191014593313085,25.587906051652585
09:02,13.674363198073902,26.659274021887523,25.952677396146644
09:03,13.714670804512277,26.630886457205737,25.91960184352575
09:04,13.739533120112949,26.812413465908914,25.97244894127079
09:05,14.229448653617178,26.424234497379736,25.573252600056108
09:06,14.023700533073724,26.477826386585956,25.697341833320674
09:07,13.595820660326293,26.377250152239377,25.890574540750528
09:08,13.326112928680976,26.405913730722425,26.054477804874587
09:09,12.688321018692168,26.587844356675284,26.51934964117833
09:10,12.693444209054498,26.341185052828102,26.410550513711947
09:11,12.815688475307306,26.297287905671816,26.315536088687487
09:12,13.359978212850518,26.2275902840526,25.964799493519696
09:13,13.335081435660873,26.092149643486156,25.925181754119947
09:14,13.85182750278992,25.911802922415195,25.579536041163816
09:15,13.534496187666461,25.91692423812161,25.746885524092217
09:16,12.732000011291294,25.391692643359473,25.973441506475062
09:17,13.377019617753838,25.275664705545545,25.57381785454505
09:18,12.846612873868231,25.172666790419537,25.81251130647174
09:19,12.436226525201905,25.19721903693688,26.056963789530343
09:20,13.667274657206443,25.051345354401416,25.340093198540036
09:21,13.841444960912582,25.429291651709974,25.402969814851687
09:22,13.652295484613775,24.85880641278722,25.27077314338239
09:23,13.96271476220367,25.077596590398002,25.212654690197937
09:24,14.101597744082317,24.98494766961243,25.115866750240375
09:25,14.572637656227078,25.109639091856874,24.961873718622677
09:26,14.399216701290186,25.34538410355166,25.116988820971255
09:27,14.758771293557887,25.42726271952683,24.994247689971303
09:28,15.23255952654752,25.348572041745786,24.786506006977223
09:29,15.258822043464122,25.08696791062171,24.695423928425154
09:30,15.165783813434508,25.20632294940904,24.76607707233146
09:31,14.59940396292919,25.395425256625725,25.049222509839137
09:32,14.319126447515796,25.379894284525534,25.16417440653822
09:33,14.310701169798378,25.13936158384748,25.081747812268244
09:34,14.119709843366975,25.168008377292253,25.17577587058599
09:35,14.05799181768586,24.886815155643376,25.098177906155886
09:36,14.578807425760338,24.844449388630203,24.867017840060356
09:37,14.539660396504654,24.830481056172122,24.877512986811375
09:38,14.551085430549973,24.734942958359866,24.839358662713398
09:39,13.9040299200237,24.662397587993382,25.07967910714384
09:40,14.438816297105067,24.68490527882566,24.865555200978875
09:41,14.992943010186476,24.64534692047857,24.645730257607546
09:42,14.785080392022506,24.806760549416236,24.775040647946884
09:43,14.746244167486523,24.5931671365087,24.716253813048834
09:44,14.466400322283103,24.311270459159434,24.72003927844092
09:45,14.338172875117587,24.645978236907787,24.891542456764757
09:46,13.615223014498632,24.924282185012117,25.314371820335417
09:47,14.050787236464416,24.764493394443818,25.05513153131728
09:48,13.615796810432807,24.82221892660923,25.27323712643064
09:49,13.449006123904232,24.886149366910672,25.378751123251487
09:50,13.599687740080945,24.898840424710695,25.31155756605186
09:51,13.467746934954224,24.624027438360166,25.2621316994183
09:52,13.87220887411547,24.69710196253419,25.10713105373611
09:53,13.96703916236267,24.784642628634906,25.09918931466082
09:54,13.968100813992553,24.58882653251496,25.023536244464616
09:55,14.037855787703762,25.167297845821576,25.212311592025227
09:56,13.800062178364612,25.288586890208542,25.36907275499861
09:57,12.969302971577605,25.072705294680997,25.70225558140049
09:58,13.155830309955148,25.18751725685682,25.652282908765038
09:59,13.981189966832515,25.047063148168895,25.1927320377447
10:00,13.772672503380798,25.36760063636898,25.412671475522128
10:01,13.615287389293226,25.208813334971357,25.427472068863032
10:02,13.32166095521891,24.97072215850448,25.47643853592588
10:03,13.412246781862791,24.636276873689745,25.29341219848311
10:04,14.075338693920282,24.748523490223764,25.038558469366766
10:05,14.12012133216267,24.71033459561542,25.005149561365936
10:06,14.710594059701258,24.32282544956577,24.635166801410495
10:07,14.836631487371795,24.35483884332879,24.60203325420675
10:08,14.952594375419634,24.37912094414283,24.570540043149574
10:09,15.020771877977237,24.433980944872367,24.56591678872252
10:10,15.599947664153552,24.46561017888613,24.39412662310444
10:11,15.23139411316855,24.640491898032792,24.56326562414625
10:12,15.569501954298383,24.588817594927665,24.44068888322696
10:13,15.379619628948358,24.52107985198961,24.477818906048633
10:14,14.927777194274737,24.29662693693086,24.551007781956965
10:15,15.052574087009814,24.531204442583636,24.58744365543828
10:16,14.750237774202164,24.43076402400013,24.65865289332336
10:17,13.893022899278632,24.369738240830554,24.97023996666703
10:18,13.978337567397253,24.22009075625371,24.876324460633008
10:19,13.34672748084916,24.423947518224605,25.235460190156047
10:20,12.67564876570926,24.62215936980984,25.658463521876786
10:21,12.197043499658605,24.767246413074208,25.993066478477047
10:22,12.004823663419167,24.84252305241994,26.143301401323132
10:23,11.753031424778532,25.378929773734264,26.567991050766224
10:24,12.195286612042588,25.268886949231693,26.234747825940406
10:25,12.48941968752012,25.36410024937795,26.102332359632562
10:26,12.447393211456456,25.33053206177082,26.111850350903897
10:27,12.472395445988461,25.421672498867284,26.1387437112763
10:28,12.38315382869267,25.633441992747095,26.28979891724862
10:29,12.366344531755736,25.727939068154924,26.343536683276042
10:30,12.570410258187222,25.567077697616735,26.146100325768078
10:31,12.439702051548899,25.62658464934826,26.251954588864237
10:32,12.361697168129837,25.64642632188863,26.309014497656
10:33,11.93030150692403,25.467297402969635,26.496633556281818
10:34,11.848452063921597,25.47557558265971,26.553739381731514
10:35,11.914310813082768,25.242132680648083,26.39633490692287
10:36,11.686245419010733,24.898726470071576,26.367458284399735
10:37,11.512935135726947,24.744129809577665,26.39657375929822
10:38,11.947551880677825,24.881369748575548,26.197127745196358
10:39,11.608902865454485,24.861900079783304,26.397302227701157
10:40,11.985689443775698,24.699765234453743,26.083915142525253
10:41,12.262603294994616,24.649062650207703,25.89839937539489
10:42,12.185247100090017,24.497204546645776,25.868507295783928
10:43,11.680708115098364,24.799163787287426,26.31975543943528
10:44,12.338279462622733,24.876433987077636,25.963734560810316
10:45,12.203441180942932,25.00741882222006,26.104970852856393
10:46,11.993846403474219,25.059613093130764,26.256935382261556
10:47,12.299467729709013,24.738373040021454,25.920281925412908
10:48,12.242156775460302,25.039708890387793,26.097430314224447
10:49,11.900455450607428,24.898177371505504,26.234214157819117
10:50,11.09724258082681,24.921127392126454,26.764584498451548
10:51,10.981853479934633,24.877432405525624,26.81905252226698
10:52,10.98000550025231,25.016792886001774,26.897974057775322
10:53,10.908662030962542,24.512236345874935,26.662568682143057
10:54,10.774623692416704,24.481818200428158,26.735081255569096
10:55,10.325131538624369,24.851379603731075,27.270777824648118
10:56,10.802523343823676,25.174457412672314,27.11177133522236
10:57,10.117997750149824,24.900208371126375,27.45517700277981
10:58,10.239794904884274,24.956955065929545,27.398061692253275
10:59,10.682588038066275,25.083350309969937,27.146374261100743
11:00,10.900960847533767,25.16063605089539,27.033650058624826
11:01,10.770292675973629,25.07085691348025,27.07616787655542
11:02,11.40386699314657,25.385318724779655,26.80465012413604
11:03,11.933597727728982,25.541686979964673,26.530782432451453
11:04,12.129734026282744,25.645069533847938,26.454210598725762
11:05,12.628701933293708,25.579573199711355,26.11701863603629
11:06,12.659564523376877,25.97330749218165,26.272155224390374
11:07,13.12457761875319,26.25904488008701,26.11337162481274
11:08,12.936997487503644,26.336717154540164,26.25767591217174
11:09,12.772331668065107,26.480346520843824,26.420089265167356
11:10,12.50141223956857,26.976289267412852,26.809860491269728
11:11,12.302696861029355,27.212545715030807,27.05137611484336
11:12,11.388686706764414,26.847838741036924,27.56195315105091
11:13,11.261557094560102,26.882993909746073,27.678999861455377
11:14,11.42307801753952,26.835386727353427,27.529167524445334
11:15,12.336943059627703,27.214913476906602,27.027983529681734
11:16,12.645591219906542,27.368339075670093,26.87664422654367
11:17,11.80976929715053,27.568615281392272,27.5797756749372
11:18,12.0920570810313,27.840072772092377,27.483174710548074
11:19,11.99621234713559,27.731731207406593,27.509045869654592
11:20,11.658806967296032,27.79781157528633,27.805786232154777
11:21,11.673925866508267,27.542337172615564,27.674298637110457
11:22,11.915853530898653,27.595756084286737,27.50984565141268
11:23,11.914908987111817,27.3895584534738,27.41659542783487
11:24,12.25911033553712,27.253298087111123,27.100554116253075
11:25,12.339274115838755,27.300605808253817,27.063617805637566
11:26,12.584559980782275,26.991214740978577,26.759693935440534
11:27,12.37311358453892,27.054193502856954,26.93234292893224
11:28,12.245504975876829,27.02454716241771,27.009158449388142
11:29,11.78285884733279,26.647539519772074,27.16795847223537
11:30,12.222124750539816,26.635586150169004,26.851195611991564
11:31,11.781776286678681,26.418326219501584,27.058808055686708
11:32,12.230987893621474,26.566550079538974,26.81389039238817
11:33,12.447559623148097,27.02101157213989,26.866170699059353
11:34,12.19500274522962,27.207466837356627,27.126620782229164
11:35,11.922169032373258,26.962990728995084,27.214604250636132
11:36,11.93075474622578,26.985632710698805,27.218794118094166
11:37,11.679997390397174,27.110859781708225,27.46568219571674
11:38,11.781405679776428,27.129454960860908,27.397300913454565
11:39,12.429354371597851,26.946259549373302,26.846285296840612
11:40,12.50774816600168,26.53818946827348,26.61556885050158
11:41,12.26643353448839,26.541101370951505,26.778231921115275
11:42,12.101037062439632,26.647617086571984,26.94076360435348
11:43,11.922627577413271,26.28639941646534,26.89646815382381
11:44,11.710535460099717,26.142072905848273,26.97507356192616
11:45,10.773221415094007,26.24513612710486,27.72929715145654
11:46,11.459209614952572,26.3216912339233,27.245322245941363
11:47,11.515183403662324,26.34799922131264,27.21735226088775
11:48,11.861985729254961,26.27128753189672,26.931496342171588
11:49,10.929053549863328,26.602676559532437,27.798022281803
11:50,10.66325139010517,26.88453820264007,28.167673149255762
11:51,10.761887279437886,26.628743472930466,27.947202899375363
11:52,10.104460672575646,26.597205020224788,28.484930513610458
11:53,9.929599876990745,26.848457790358996,28.788149212785164
11:54,9.471729770447519,27.05843637781318,29.342220217652976
11:55,9.15561481629444,27.218462654988848,29.75250449875291
11:56,9.26401469638092,27.23783735693221,29.656850778799214
11:57,9.763990628533554,27.079638266830926,29.07809582572394
11:58,9.499104446135878,26.713695788208046,29.10218405944667
11:59,9.218175812336643,26.832544840626824,29.44437883524214
12:00,9.218450320860132,27.09549746960568,29.611880664992754
12:01,9.509537176314483,26.92299528703138,29.222364732112332
12:02,9.803532122629564,26.954542162951245,28.966512904759316
12:03,9.573054286953976,27.10470519064564,29.273662379276146
12:04,10.079070747707016,27.125550996784845,28.814301252035293
12:05,10.215146339216536,26.97590783446105,28.606161953751936
12:06,9.853113307181456,27.12860722487456,29.024065138846456
12:07,10.215555939861584,27.200431000007235,28.733352992633694
12:08,10.398223148290906,27.40672352868054,28.683872564347457
12:09,9.34707998622566,27.486626905233436,29.72934790869989
12:10,8.936323039579564,27.443193826971747,30.120092327456398
12:11,9.409548430876706,27.356251765147903,29.586728974176733
12:12,9.615428193235617,27.615713732667565,29.541382409942308
12:13,9.453454208918926,27.42923193690288,29.58826683643289
12:14,10.05270384641198,27.664808292429605,29.14733555078315
12:15,9.942587575021616,27.603497266564347,29.21699131240615
12:16,10.007722256822579,27.87951779273029,29.312201073365227
12:17,9.88653830838098,27.634310786976364,29.288478732541265
12:18,10.225978410718664,27.54788122733406,28.91923856185281
12:19,10.190929622582518,27.74685888429982,29.062967288039115
12:20,9.869109712224784,27.68431480460278,29.33425497865116
12:21,9.115964327771966,27.82622738011809,30.17748037744873
12:22,8.663182288928073,27.81601625121082,30.653718106128437
12:23,9.261774614177424,27.78913974248479,30.00307930068305
12:24,9.436525293343225,27.587675824390324,29.701979785272325
12:25,9.426455401527955,27.67629911505959,29.76614247973185
12:26,9.19719067966209,27.71579591244638,30.024024963054234
12:27,9.646858688543903,27.640443141024587,29.525193261096174
12:28,9.560472180076777,28.050749139209973,29.855512766276945
12:29,9.675408073889592,28.002507722187367,29.710704368241746
12:30,9.128809435929703,27.796624489359534,30.14549076179436
12:31,8.669649838346807,27.77118670615477,30.617117956784934
12:32,9.830458341234765,27.54748117820228,29.29182953738964
12:33,9.44869157057529,27.61397507784273,29.705852895348965
12:34,9.346473730389231,27.51899187976756,29.749968736840867
12:35,8.832319690720826,27.78492865304729,30.451050094282085
12:36,8.839252811039586,28.00194016136043,30.583749693622536
12:37,8.199105572627678,27.744509181379286,31.118559930825192
12:38,8.63726837015732,27.722114147606103,30.61971092372823
12:39,8.694926675938628,27.6168232985989,30.487898181892348
12:40,8.470439444585033,27.856712706892793,30.892339984288842
12:41,8.935197595304714,27.742110766056417,30.31408315063702
12:42,8.844792219265214,27.899237052153257,30.51160052689706
12:43,9.088192484652879,28.19072575092842,30.434724735488366
12:44,8.711828129187987,28.021015304092337,30.735034895071372
12:45,9.213056126836628,28.22957514662546,30.32526747045006
12:46,8.86501850118882,28.140431150433702,30.644517913974543
12:47,8.945191396103846,28.120268887679394,30.544588872969726
12:48,9.025344651795656,28.33999766303247,30.595677788394298
12:49,8.84815270411463,28.318701442285025,30.776683415041656
12:50,8.87485773849603,28.463689600087736,30.838976204596932
12:51,8.818300394560616,28.599823959746395,30.988345596777588
12:52,8.934488342748452,28.651983126763717,30.890567826506977
12:53,9.168711530912008,28.580148717470788,30.587263757101987
12:54,8.987088569758614,28.72896123668422,30.8794602117328
12:55,8.298341881392055,28.65740036642594,31.62593832382916
12:56,8.217481455912498,28.705739412963197,31.75430981385271
12:57,8.406300057741607,28.784187407280516,31.582502441180907
12:58,8.258524256792864,28.73424654578262,31.724527701212768
12:59,8.272380753321595,29.27121652412684,32.06369281312753
13:00,8.194302513883859,29.40122419096656,32.24572110993923
13:01,8.515546419264153,29.249501668504646,31.754274949409368
13:02,8.046666891088092,29.167429018888324,32.273305464326995
13:03,8.893274085430477,29.149201387336344,31.24566442537845
13:04,9.013915326649565,29.30355988994816,31.200302212945214
13:05,9.085797180910431,28.759261762569324,30.787909640024345
13:06,9.70669630922878,28.550693912374026,29.996642313640738
13:07,9.671617760109852,28.706451388668278,30.12260001341877
13:08,9.785774529032626,28.572757143805088,29.927338875935046
13:09,10.758994466003394,28.70905925758321,29.03668343885753
13:10,11.052458685452331,28.758199241145753,28.786615691405085
13:11,11.465723605759655,28.829898505612707,28.446730922106106
13:12,11.082507772015378,29.164702696294867,28.95394891463827
13:13,10.828903698434432,29.171822674573168,29.199901591446178
13:14,10.221228568444841,29.12616506070858,29.782696476062398
13:15,10.050280047278683,29.402391417467378,30.10801390170496
13:16,10.74446779114549,29.300072786022316,29.345566492388183
13:17,10.747202072187054,29.387382551122773,29.385919426758388
13:18,10.83504406331728,29.76350739919436,29.481214949624352
13:19,10.679162658839687,29.88376750344562,29.69765609293336
13:20,10.76280921109159,30.16315652725881,29.74617608619438
13:21,10.949596213553573,30.02601802503323,29.490536698840895
13:22,10.470229417019238,30.11860685653832,30.031296450861895
13:23,10.658677672288107,30.00721669059795,29.778885493924545
13:24,10.761908468081682,30.299423380231662,29.811985215761066
13:25,10.635063254343759,29.943307784803046,29.77217619512976
13:26,10.59403948350356,29.970231294397085,29.827936526807424
13:27,9.783403329371723,29.927644805288114,30.681779006118006
13:28,9.4226901955777,29.717361952599518,30.97316491008342
13:29,10.090146115290786,29.665820376544982,30.205460433001562
13:30,10.29183742517184,29.600684149436525,29.95755867036544
13:31,10.429523309346848,29.213465149901385,29.616172149638597
13:32,10.522252163636855,29.130847221836255,29.480740520883106
13:33,10.365930284938838,29.326548556161416,29.739200132250016
13:34,10.348901077410972,29.276104119015226,29.730511538033365
13:35,10.011647278057946,29.516088625318748,30.21003266457967
13:36,10.52745415859992,29.416995163319836,29.620835834396797
13:37,10.884522105796563,29.38671617332088,29.2505812803623
13:38,10.194686550079853,29.37285805208771,29.940420567339864
13:39,9.965648111828243,29.42309177273356,30.209271145701816
13:40,9.889081839063184,29.18152741427688,30.159284132255948
13:41,9.958221511098209,29.235226676370814,30.11534022794532
13:42,9.997185396157912,29.528616509906037,30.232250440240836
13:43,9.810527419823586,29.60640180068794,30.476902169402354
13:44,9.820808606268123,29.226634149495105,30.25698384129883
13:45,9.4757035863534,29.122163644956274,30.57242928595254
13:46,9.920005131173825,29.332107153445577,30.208726449591442
13:47,10.490849251198185,29.29023512164304,29.593550624454775
13:48,11.549797647704379,29.809802026410864,28.809728298404675
13:49,11.929896748762545,29.701390113086944,28.416563416368625
13:50,11.788631424880634,30.024894575119024,28.680308976583877
13:51,12.607962604897402,30.026417630192253,27.95931598437691
13:52,12.34811344533718,29.895415344526505,28.129513358777345
13:53,11.689947028342091,29.94614156319278,28.738205054778614
13:54,12.127087621956859,30.06078127200003,28.3883826266335
13:55,11.966197049618174,30.293144579844924,28.62778465117341
13:56,12.94713303790241,30.43740763823658,27.826896298546927
13:57,12.846420742211002,30.321060938510495,27.868792121516858
13:58,13.6094050089869,30.1512407666168,27.210671236014413
13:59,13.302711385035307,30.391412737877282,27.52451711196492
14:00,13.666283800283491,30.36854594395732,27.238159680033956
14:01,13.328358688055511,30.791511128005613,27.637097329615965
14:02,13.459944152284095,30.892031816758237,27.56465719256195
14:03,13.135999113575584,30.404585433430665,27.66157695332797
14:04,12.819523732555954,30.461529981728646,27.941725198336776
14:05,13.009700719923716,30.413113300698114,27.766956671779486
14:06,13.16315467027418,30.259820459380034,27.59002410739031
14:07,13.072012316900455,30.327853491504715,27.686567285046973
14:08,12.598724908054015,30.511759074909982,28.14824877671906
14:09,12.172781098256685,30.178017330891723,28.39451293762453
14:10,11.880877714353629,30.2545448165737,28.69067709494468
14:11,11.684178063178239,30.19128870017871,28.847954421003244
14:12,11.451912215891255,30.624252807250986,29.257088403043227
14:13,12.097602794959933,30.654843984170512,28.651323332732787
14:14,12.115951449694435,30.59698606058392,28.61163253294686
14:15,12.040002734804647,31.123920663054335,28.888998021934515
14:16,11.984155912183555,31.053453798648466,28.9148913732696
14:17,11.662593780642037,31.17270197067195,29.27725448927656
14:18,11.108797283678115,31.13097667424508,29.82823181150547
14:19,10.978621659170955,30.89179342794411,29.858973755579438
14:20,11.116183951803567,30.84192703605177,29.69266823070748
14:21,10.821794270839147,30.845982197928105,30.00462516153286
14:22,10.914093910195307,31.086530130526807,30.015609782429124
14:23,11.687971018568941,30.98872213630974,29.176780760082618
14:24,11.582322016630005,30.80231919935628,29.203703638108678
14:25,11.17563407154362,30.869833916971967,29.643458549761487
14:26,10.936705947009902,30.852200829630927,29.885305157727707
14:27,10.643284201009953,30.855875388828373,30.20179525817843
14:28,11.006431405139471,30.783382402296173,29.78078141339773
14:29,11.106253812199547,30.777774066443357,29.67438515037251
14:30,11.226581083566007,30.855722589685985,29.58477625665739
14:31,10.732566222677592,30.82673512924033,30.091442366736544
14:32,11.15918996243696,31.05468726828541,29.741802976866897
14:33,10.67773482263032,30.931832121894587,30.19999249266038
14:34,11.044394347516645,30.905658932164727,29.796006908697986
14:35,10.819589780841412,30.995556054737005,30.07582840991476
14:36,11.260160591360375,31.141883836987173,29.67444871718303
14:37,11.318371412509876,31.010806634015456,29.55787040795821
14:38,11.741515758542658,30.892666313369403,29.08495400192297
14:39,11.991576177085467,30.70768432525997,28.77103811530178
14:40,11.963809379048069,30.631007305499903,28.766437690389992
14:41,12.177364121273802,30.83727813114262,28.648634168847856
14:42,11.612949177336494,30.836333650180915,29.18771938513488
14:43,11.755981267944053,30.588137435870088,28.94583084611124
14:44,11.615784548158134,30.54141636577758,29.061310853146338
14:45,11.104041806651882,30.577033770441954,29.586707163933482
14:46,11.707997483470596,30.813976660383943,29.08532761236445
14:47,11.917450056294987,30.69056804375982,28.83402114881674
14:48,11.383535758196537,30.564448880060745,29.29911541170597
14:49,10.207513743719696,30.60791679332904,30.56200805359765
14:50,10.49966066323286,30.192673634938068,30.0366081043805
14:51,10.347209061419923,30.12854214896548,30.167736427949443
14:52,10.726120809056573,30.448884807115256,29.920471684604223
14:53,10.377159173952679,30.311412700818302,30.226905859995043
14:54,9.711269968211312,30.22969719642168,30.927036116747093
14:55,9.746662441552553,30.087269167669717,30.80963409915134
14:56,9.907010711681979,30.22789375334123,30.703584321684577
14:57,9.717516605609248,30.101793299856972,30.850615718221338
14:58,9.141052729577764,30.03226758350183,31.483189601188336
14:59,9.171784586947847,30.020087742140426,31.439539629808664
15:00,9.13455720708349,30.033417138956768,31.491604694906158
15:01,8.85501361681282,29.924069418522663,31.763272433371753
15:02,8.614099659453426,29.807269251901975,31.986238287975613
15:03,8.429795282258373,29.886796420103607,32.26510378883838
15:04,8.989183543216985,30.336075272729587,31.84420491742683
15:05,9.084877535587317,30.12957749412089,31.607173343974587
15:06,8.564679575625807,30.05414841130921,32.200815876076646
15:07,8.563476040210716,29.893010610385975,32.10217100415333
15:08,8.494876784215897,29.628266337545476,32.02059387378008
15:09,8.954895956877229,29.45374685989333,31.359913560810483
15:10,9.469424606095842,29.314037508448315,30.689869413644875
15:11,9.550094266240153,29.182274222569113,30.525355876397306
15:12,9.873380927315626,29.13670773779669,30.151275127005505
15:13,9.452383515146083,28.825466632263247,30.425383598800376
15:14,9.886256569493305,28.72241845626746,29.90787603499411
15:15,10.217182458269882,28.910899944904582,29.672376648639926
15:16,10.047445133311951,28.81463597024216,29.793148855171623
15:17,10.104126268544743,28.848121217697837,29.75348482060323
15:18,10.171100127562394,29.16305014508147,29.853876271620354
15:19,10.347132016667048,29.217908598192402,29.70209655689053
15:20,9.984470877336515,29.353104686899137,30.151393512835497
15:21,9.840816697294569,29.44884286196272,30.357697568910545
15:22,10.373383782428752,29.33515308606051,29.73601131663332
15:23,10.67474568523929,29.22504757949086,29.37705434060439
15:24,9.932062938529182,29.064173596797534,30.0494306071868
15:25,10.123239643471333,29.0289899881292,29.831542295872882
15:26,10.683188329946123,28.889689863812233,29.200335908901977
15:27,11.167629873629172,29.090795963165334,28.83912264335988
15:28,11.344734380665995,29.37857195614638,28.808027236005127
15:29,11.364239361805943,29.482337866227095,28.83710940669526
15:30,11.000641215381714,29.425131057213854,29.156187758482304
15:31,10.794315415287695,29.52951560852015,29.40876253871984
15:32,11.14939604347886,29.935439536820056,29.249743387020946
15:33,11.202482526019335,29.643911968922282,29.064200622383957
15:34,10.178165119194098,29.712564607937722,30.135811386818393
15:35,11.050973007283782,29.63242467209245,29.205385702979374
15:36,11.185643715959532,30.09463530422284,29.286660254069847
15:37,11.98611414111095,29.92531774576263,28.459246278850948
15:38,12.124374310645562,29.880186874870834,28.317972407287133
15:39,12.039736410008535,29.84852315947865,28.37987646057628
15:40,12.758927066721501,29.94600807960402,27.804099878291193
15:41,13.395649599482747,29.93353500060022,27.298607954790096
15:42,13.428372890442992,29.845977400608003,27.244456936094284
15:43,13.657016172966756,29.902040138411976,27.09464744239547
15:44,13.371554446109386,29.917131700904985,27.3112465064255
15:45,12.857650789708291,29.576333825840724,27.58771862131993
15:46,13.098956746212258,29.38441955942807,27.330843521989255
15:47,13.492872097809206,29.37665979489586,27.037850564095823
15:48,13.381125076260583,29.35852450992493,27.112313580523093
15:49,13.551222301870098,29.241872469511666,26.950404370017154
15:50,13.782430615229734,29.45992917734125,26.86155450871773
15:51,13.990937142510887,29.44455164413493,26.71447039353302
15:52,13.905019744638457,29.555324487236245,26.80789894998941
15:53,13.550542309491483,29.827886595991906,27.147974987581073
15:54,13.679757389090424,30.024105161530215,27.117689570805165
15:55,13.136921163326898,29.76876157170816,27.43914423296374
15:56,13.324601616260287,29.847402126148726,27.322981221041356
15:57,13.747807967553916,29.825474342908265,27.004460214807803
15:58,13.57050271181978,30.001924370051626,27.190758873201606
15:59,13.84079169221598,29.88648251468039,26.95793560654819
16:00,13.646057503704823,29.67114901434396,27.026872602531135
16:01,13.184520776606686,30.14243148611199,27.532628367619306
16:02,13.280489457200803,30.298309943395772,27.51057634585558
16:03,13.151187386150994,30.33834213506474,27.62660781688318
16:04,13.235048235121768,30.269449496078003,27.536474724383705
16:05,13.348603301192739,30.724549342945345,27.598878323420237
16:06,13.456285907936268,30.681054113626214,27.49948820087266
16:07,12.038831061961371,30.69119626463284,28.720266657537934
16:08,11.63394625488923,30.863190494429606,29.17820907263221
16:09,11.773229798021491,31.34498220943079,29.236499070963895
16:10,11.367067294876055,30.88144817326142,29.45258653407544
16:11,11.127267259860858,31.07920444733416,29.786017357805576
16:12,11.016956312087657,31.238052155368457,29.97314357228823
16:13,11.748981691941681,31.05934399609721,29.145515274917496
16:14,11.811619382383968,30.92543493847547,29.030125403094775
16:15,11.703457038158225,31.165742411799773,29.23371051918479
16:16,11.444643413088405,30.758683815169213,29.32191187011552
16:17,12.04096748879211,31.023024811146108,28.848758944577387
16:18,12.700912275833726,30.854273135462034,28.1842163227368
16:19,12.301586396943383,30.807455870594666,28.52305759819448
16:20,11.502819941005912,30.540894328439173,29.171187879604673
16:21,11.682750501240779,30.69194614484064,29.059390080432205
16:22,11.431622688200994,30.730358101874142,29.32278873796554
16:23,11.342880385973427,30.982337650530347,29.520537831774295
16:24,11.365715770192784,30.968283386842835,29.49121158361563
16:25,12.090130367938333,30.89524626010036,28.75246320803502
16:26,12.666936450137557,30.8733572180133,28.22078646597684
16:27,12.947718896727142,30.94202948697334,28.002524242065572
16:28,12.900379507661897,30.92162191149698,28.03581126155961
16:29,12.84289439925702,30.893509041254795,28.07524164336615
16:30,12.969958109168504,31.007819838635235,28.00623671965725
16:31,12.594547524414619,31.147511430381083,28.383728089304466
16:32,12.652413730881875,31.053144811656928,28.298191153389947
16:33,12.347806995487645,31.162041477915977,28.613999853304396
16:34,12.667963080652873,31.364431165272055,28.394924601443943
16:35,12.759956809483397,31.471978082714976,28.349794089869235
16:36,13.240788401961689,31.592020013439768,27.969625564131793
16:37,13.327532747270594,31.53401747340226,27.877810656051036
16:38,13.585958319862467,31.621836590874825,27.69142957433899
16:39,14.060229275291869,31.628625457788196,27.318963195810273
16:40,14.301942443917534,31.631956270675538,27.138344629532742
16:41,13.973737224807909,31.4724606892781,27.340515475171472
16:42,13.882715555403761,31.765543660697155,27.495975718738595
16:43,13.960966203243538,31.885375487501754,27.46862599194683
16:44,13.570208218545133,31.887747723324157,27.78490875567297
16:45,13.578096932406245,31.612626309005723,27.695032465552476
16:46,13.3178419467073,31.731484104400487,27.94850313868248
16:47,13.070930510795318,31.344864763720775,28.033885352040407
16:48,12.753936979346797,31.595889356495473,28.3980272835212
16:49,12.621006646568828,31.72189512238419,28.563254413524472
16:50,12.30632168817171,31.45750140316378,28.762360824942085
16:51,11.668917813545688,31.671129324442482,29.472223254215344
16:52,12.317160832719452,31.62078560784166,28.81216083317389
16:53,12.89868222133383,31.303895380552326,28.169134682610412
16:54,12.36681825492562,31.382462114705643,28.677852688256532
16:55,12.031772081638614,31.146052070148052,28.905481698138576
16:56,11.612253178317628,30.915991729157177,29.221556468593487
16:57,11.44172243330298,30.559705410722096,29.23939818482945
16:58,11.405072046781157,30.789261898753146,29.37464580145187
16:59,11.79531687174379,30.977762195900617,29.067129373515783
17:00,11.86038162395629,31.54529182987411,29.228843229005008
17:01,12.119440570563397,31.32036902652106,28.888658460047466
17:02,11.979166642802651,31.247696517550576,28.995757031928804
17:03,11.787923818906624,31.454470884386634,29.26542682727069
17:04,11.358842777874498,31.492686547255573,29.720630648561347
17:05,11.076266717179152,31.487983250734377,30.01919965475616
17:06,10.970697919900662,31.530129820519168,30.152274024543605
17:07,11.382441099913153,31.80902027960839,29.827370240357496
17:08,10.691464036510355,31.776019846044804,30.57329650308303
17:09,9.402286386205398,31.60230667704633,32.03685732400039
17:10,10.159121880455263,31.742397021810472,31.177607120815136
17:11,10.19358590657984,32.03709962512424,31.27780854221895
17:12,10.73363689349859,32.19431364725463,30.712023141179213
17:13,10.998025171889076,32.03076064191757,30.340081381884026
17:14,11.107292586615277,31.99835821288718,30.20484407619544
17:15,11.278763082444502,32.34492552003271,30.16001343194996
17:16,11.245519553617608,32.09923012969771,30.095268653936056
17:17,11.326187778823133,32.041273047733725,29.983499010664556
17:18,11.568613291576906,32.00112389832092,29.708306769281403
17:19,11.895141074454752,31.974114496044198,29.35979345217029
17:20,11.303821864527183,31.740054670689243,29.882508189879772
17:21,11.40532630882149,31.70981389061611,29.76214431800293
17:22,11.380663955625263,31.62717769827773,29.7538871255997
17:23,11.24809453422383,31.019286525823226,29.633924854394202
17:24,11.159838693990835,30.659936885322963,29.56671227880028
17:25,10.646130221416197,30.66594467458627,30.10879491382627
17:26,11.283949529860102,30.74421732421371,29.477435464785717
17:27,10.65824612646167,30.875528908961257,30.19477481478816
17:28,10.759180280225149,30.599853160965136,29.95672989785039
17:29,9.808225329436784,30.222587049413157,30.8125346406367
17:30,9.558969235538116,29.887968080649635,30.913652412606407
17:31,10.1046083984434,29.801128299956623,30.26104319151456
17:32,9.787329377098702,29.694086532075314,30.550343124246677
17:33,9.781849789299446,29.75610821571035,30.59025888839651
17:34,10.167179014987349,29.45673002361364,30.013413099493228
17:35,10.395703162028639,29.83955705228871,29.970443713789226
17:36,10.562762398175675,30.209411016995634,29.97787086022466
17:37,10.212934111333928,30.28330241837369,30.391936669836205
17:38,10.564758547407354,30.34574235302857,30.042155385205895
17:39,9.757730908027439,30.261426353701708,30.890919259398892
17:40,9.220506515915549,29.887930052695403,31.30540059553142
17:41,9.021914729552895,29.89686252583284,31.54595630523957
17:42,8.99917632926209,30.112648316519195,31.70079127366334
17:43,9.177894309736407,30.21517343662377,31.544912940362632
17:44,9.231032681979839,30.412541771573455,31.593749056215096
17:45,9.152990109115056,30.413994220909352,31.68916594992436
17:46,8.995732639289411,30.130764740664933,31.715641792465046
17:47,9.179119755132932,30.009335632207495,31.42459708154671
17:48,9.356490297515885,30.11174146131158,31.27373237996297
17:49,8.789047206106723,29.864338145629702,31.807271890719235
17:50,8.484120241835878,29.914963831675063,32.21480268878842
17:51,8.088571777010216,29.88761895446005,32.699618831402894
17:52,8.304005281478977,29.605746061349848,32.24264542202489
17:53,8.661974542388151,29.356119728337163,31.646392770043313
17:54,8.387559893112034,29.161931059929504,31.851986261372243
17:55,8.381673003426641,28.7668809846287,31.60017598609524
17:56,8.57054710080305,28.846957453445263,31.430524428498195
17:57,8.648265730357283,29.151664244375453,31.533821799081725
17:58,8.110682047629188,29.282863273584457,32.271219712823026
17:59,7.974634160800116,28.96821298636867,32.227133349088135
18:00,8.0562822999867,28.388545857652254,31.729696411252682
18:01,8.442823320677961,28.562847093987454,31.393996266942583
18:02,9.081549074469983,28.69982984307438,30.75627405929429
18:03,9.670513035318061,28.535860556032972,30.025743257639743
18:04,9.487402797604707,28.301362333682913,30.079485685639682
18:05,9.746756890612048,28.546831107822417,29.95290244161913
18:06,9.398009060931702,28.259577925391742,30.14806244474157
18:07,10.4234816767015,28.24612904521498,29.115216468634724
18:08,10.262605432835722,27.943905465028124,29.104331875114834
18:09,10.152592685715414,27.941142608073225,29.207505437704416
18:10,9.583553604352817,27.899417077563733,29.742270505638512
18:11,10.128183549173556,27.978328993767697,29.251614483100884
18:12,10.405487184801185,27.785510874060414,28.88427888759621
18:13,10.474882740190885,27.994289738582584,28.93243683166582
18:14,9.710915216071808,28.051319043630713,29.70354474153464
18:15,9.626242230345866,28.135592779501238,29.838542601317215
18:16,9.585506107352277,28.643820664160323,30.177302216983918
18:17,9.092095998792303,28.49450891151412,30.61856100656712
18:18,9.37496819576531,28.551243481631836,30.346810703205087
18:19,8.920797841815844,28.365527048051835,30.726202927138694
18:20,8.773953045419084,28.292228217345937,30.84194026568602
18:21,8.91397965373617,28.034400073323255,30.523737064465166
18:22,8.807025307447931,28.225829110909046,30.762759917777622
18:23,9.224468111452609,28.405941620529447,30.420786048860958
18:24,8.881844235179793,28.400957872350226,30.791586024274395
18:25,9.506787920462273,28.282863113761227,30.048333798622227
18:26,9.240058179837506,28.46765079650382,30.441492196048543
18:27,9.21685394291335,28.011434183527722,30.187092348857895
18:28,9.790644218651016,27.870121547330157,29.51868886233139
18:29,9.821942702781781,28.027510470925034,29.57879312653542
18:30,9.576621830374371,28.094728924080997,29.86507764033173
18:31,9.532694672018344,28.41511388571276,30.099324143570733
18:32,9.267988260057693,28.857844409322393,30.645759654961168
18:33,9.255531167049568,28.77726194393145,30.611275571988934
18:34,9.248246474042299,28.840327685879462,30.657044834135373
18:35,9.135009216813174,28.854423008710484,30.79101109069124
18:36,8.837958108955789,28.994142836647217,31.213491085141577
18:37,9.075087467759484,28.811220105604715,30.831582497500698
18:38,9.730119153211984,28.80935821293597,30.119656498471905
18:39,9.137115194742778,28.652766826628064,30.66614483125628
18:40,9.398564060570454,28.87384816525749,30.512175317951524
18:41,9.276079571240418,28.58516628180269,30.473561262841336
18:42,9.691360572880399,28.90950851634382,30.21750073515547
18:43,9.529368253585904,28.82229346265445,30.340581779893157
18:44,10.07296085375808,29.146787172025835,29.94697864532422
18:45,9.68306903974163,29.184061418586243,30.381576245888958
18:46,10.507372967043116,29.339063942542705,29.601698065877873
18:47,10.563508387804541,29.488398585224125,29.62021400211418
18:48,10.484258897600236,29.78967385038021,29.852652245067933
18:49,10.011777281390728,29.589506255973138,30.24914495061874
18:50,11.02675951971985,29.509147071334997,29.17079168574672
18:51,11.127040458692356,29.988146806585476,29.29594279361532
18:52,11.04171844331492,30.38874847293443,29.56501599569047
18:53,10.40285533289221,30.403743016933305,30.24483267566404
18:54,10.664655409887537,30.53704781656501,30.027618720111136
18:55,10.562237399673181,30.598841900858194,30.16724451643568
18:56,10.431030490695829,30.73436534078577,30.376170043261336
18:57,10.141097856585704,30.81606109969179,30.741591938354127
18:58,10.875244642076764,30.784091139610357,29.919231691821675
18:59,10.890391189097828,30.890144030820096,29.951728762063123
19:00,11.450086211579807,30.59046705913603,29.244376965395855
19:01,11.201496085780638,30.663188602564038,29.525631780908807
19:02,11.175081070955551,30.72913457739358,29.581844115379607
19:03,11.527760317203796,30.68769200732664,29.209201080669928
19:04,12.213497408975822,30.342630108778003,28.423113443615637
19:05,11.788562128993911,30.116111536707344,28.71868455648459
19:06,12.375851572727317,30.262102194828422,28.24801843311847
19:07,12.218947122337934,30.147585411559312,28.341442624202863
19:08,12.024631649461984,30.118210229556766,28.503446885393586
19:09,11.9010653605795,30.043774331153305,28.58507154237614
19:10,12.596298846025572,29.88843368115034,27.916907495486083
19:11,12.767015107535206,29.73473621128772,27.719038197649244
19:12,13.283057879021793,29.98480035350677,27.401785640783952
19:13,12.995643984317129,29.85458130563459,27.580150405689384
19:14,12.984666228838684,29.87078882320516,27.59466936522615
19:15,12.253836694863073,29.760753025150382,28.157230716077716
19:16,11.260748865568015,29.830642415323734,29.09352030236018
19:17,11.571096804385,29.81741085710435,28.7931688139305
19:18,11.559396209973604,30.156507417587274,28.95133697242544
19:19,12.029762101074994,29.857890065691894,28.392573994598568
19:20,11.962988257276931,29.83768644360001,28.443775500665815
19:21,11.859026068509301,29.32793461881404,28.321046176595626
19:22,11.885138475751107,29.476247808448758,28.36134334573017
19:23,11.415241097975715,29.39511655140041,28.75017548291866
19:24,11.504734637303333,29.096904677198808,28.53366656778252
19:25,11.776811225066092,28.951687375516883,28.22929620361366
19:26,11.676281320434406,29.040116095896078,28.355866791839933
19:27,11.748724672077401,29.20534791337731,28.36490494230726
19:28,11.43867782570175,29.18258083048533,28.632247057752025
19:29,11.990323051558052,29.302471442874353,28.196099500737287
19:30,11.755574322818283,28.936353853869807,28.240892416451086
19:31,12.068479038752429,28.652429458954085,27.85435077470738
19:32,12.2276288507733,28.674331475711092,27.734546306644944
19:33,11.8357135667139,29.197780016835964,28.285424860704484
19:34,11.47850577118503,29.328139752896753,28.661795924441993
19:35,11.414944268540484,28.926970976660183,28.536670268200208
19:36,11.488079468317276,28.760725508653987,28.395209516378365
19:37,11.026002441963268,28.90409294975727,28.881863653871573
19:38,11.090991535472005,29.174721175887903,28.950711438252334
19:39,11.31507413885782,29.10863076797094,28.711208509275483
19:40,10.60258624432731,29.187259079448456,29.429498603608014
19:41,10.594161088807343,29.265157416116995,29.477159277577446
19:42,10.414850061391434,29.15915671563923,29.60297618940724
19:43,10.330505945035652,29.230686318383924,29.725709885852815
19:44,10.458540496361051,29.394028015442125,29.679223205213557
19:45,10.970318437640387,29.42604194307281,29.18599515837137
19:46,10.963074040485541,29.59278971872095,29.272582252947085
19:47,11.470082917289279,29.57125868910936,28.778538649199863
19:48,11.515844514621723,29.58528441890829,28.742358740303697
19:49,11.45505885543379,29.756268477697162,28.874963345524023
19:50,11.440308523707191,29.598206298309947,28.81830984281559
19:51,11.337808899952897,29.56711638082696,28.9003999129967
19:52,10.969290244538135,29.464663803282676,29.205449158553204
19:53,11.116042234320666,29.404510527087307,29.03555510576446
19:54,10.593619857314398,29.499215127785646,29.595117507505492
19:55,10.984644855138168,29.366164245681333,29.14349410249676
19:56,10.57539878165343,29.433374716139696,29.580573656326504
19:57,10.382309511729485,29.309535074853553,29.713663436261726
19:58,9.501511629119106,29.621391822083798,30.82914851852063
19:59,8.831934697859609,29.58763600044072,31.586837251244003
20:00,8.616537420894154,29.67502098739721,31.9008801362981
20:01,8.143922414757553,29.48450505441487,32.36366397221858
20:02,8.04626451609075,29.2658730691394,32.34014030424375
20:03,8.015239943261138,29.52729784665948,32.554663438452906
20:04,8.01675964930026,29.624377374187265,32.617596616213326
20:05,7.9756097039155645,29.35251184766413,32.48729793890024
20:06,7.846513531045591,29.418735420691778,32.696430502609914
20:07,7.51099674921543,29.4411449459182,33.14734944107543
20:08,6.716087972348058,29.221386967644257,34.054872023032
20:09,6.577845879391114,29.083923521838585,34.138331320729534
20:10,5.76202105609216,29.14847713817929,35.35174636193124
20:11,5.0,29.011723669530394,36.37187070979932
20:12,5.0,28.99221060008991,36.35400140812713
20:13,5.144682042605702,28.783329194740826,35.944726633893026
20:14,5.0,28.598585886468754,35.99143966149083
20:15,5.0,28.634112703002245,36.02432682314754
20:16,5.0,28.700341245170925,36.08554771407908
20:17,5.0,28.736474445587007,36.11890115767751
20:18,5.0,28.38930351044502,35.797046779342736
20:19,5.0,28.461496782068206,35.86423136868624
20:20,5.15927200158896,28.430403031991812,35.60086303249803
20:21,5.701498916198303,28.760276365100115,35.107141179864655
20:22,5.943297381164755,28.5430081722286,34.577856876576085
20:23,5.628599865065778,28.589802686381788,35.063713122000294
20:24,5.565137566986377,28.78108813775007,35.32255924218727
20:25,5.180476310409281,28.80796292300083,35.91357734086184
20:26,5.256806235626767,28.629448102952402,35.63888568616904
20:27,5.0,28.630646041113074,36.02111916773948
20:28,5.129972190013851,28.533065540890394,35.73807473705307
20:29,5.326034810481568,28.780682135327467,35.67275086337591
20:30,5.0,29.025308333603096,36.38430521665267
20:31,5.18039639343635,29.383813876261662,36.43096969169795
20:32,5.0,29.427579103598372,36.75036155339859
20:33,5.110732390515876,29.401323728393933,36.554323156630915
20:34,5.668934240809353,29.3112447276815,35.62770314530681
20:35,5.453271029039476,29.143391587487,35.80438131586043
20:36,5.0,29.254876603926,36.59371753349674
20:37,5.0,29.04258637006346,36.400113521363195
20:38,5.0,29.121118276282417,36.47186825783632
20:39,5.218486481846906,28.82635916909554,35.87345653202973
20:40,5.452994346503203,28.783671203858198,35.48856896762884
20:41,5.0,28.759803712783018,36.14041780800835
20:42,5.0,28.86173975359661,36.23426915632539
20:43,5.0,28.70596903795992,36.09074476857069
20:44,5.0,28.905506597521217,36.274482609238504
20:45,5.5278772404532734,28.805406012265912,35.398155512607865
20:46,5.401855740476487,28.81760518018953,35.59375862125349
20:47,5.4840133532963975,28.928589902493215,35.570571160467644
20:48,5.058411124968984,28.717919494448854,36.01409722989487
20:49,5.0,28.62676403159021,36.01752682914014
20:50,5.0,28.557622584003177,35.9534795677809
20:51,5.0,28.389146270161618,35.79690030159216
20:52,5.2397325302020485,28.46909772326902,35.51854884810289
20:53,5.0,28.51460702486951,35.91357112456073
20:54,5.0,28.56636480940034,35.961584490370036
20:55,5.386149266334478,28.585734026750227,35.41026750859039
20:56,5.0,28.31129458290856,35.72429901795264
20:57,5.098048296023103,28.133574566018112,35.41583383575127
20:58,5.0,28.112351526285604,35.53806325550507
20:59,5.516761342581969,28.165241412314337,34.84731020017317
21:00,5.621726529235142,28.060409011098777,34.60707247293609
21:01,5.846764139511797,27.73896643842673,34.016015160932525
21:02,6.463862989616358,27.605783549372664,33.094971143530785
21:03,6.086411484446104,27.72290871288414,33.68323312600113
21:04,6.252971656854025,27.440803177229462,33.22568735992153
21:05,5.9137352978809785,27.07352620082465,33.340869844862944
21:06,5.529621591895328,27.18874438873721,33.94545602643143
21:07,5.414714915083343,27.163605164259113,34.07503867399541
21:08,5.6917580678774815,27.183803534312453,33.72728288312474
21:09,5.8786365974110355,27.04522821328396,33.36067165520562
21:10,6.2839180778059065,27.362959528076022,33.11996391204108
21:11,6.144199976778978,27.636135182222226,33.53304910280098
21:12,5.774412739798501,27.62030353593418,34.008403288395705
21:13,5.734773194227475,27.447013855643977,33.90707306026522
21:14,5.444748242507654,27.247639405087636,34.11267301068166
21:15,5.226756297356159,26.90343727228514,34.080941462518034
21:16,5.0,26.92386252438688,34.40423771442559
21:17,5.0,26.87281941815555,34.354726929159206
21:18,5.391785499705745,26.616657611792277,33.59345241570907
21:19,5.640012269266671,26.71802491541475,33.369541534866954
21:20,6.431924876374956,26.737022505191067,32.403196154625675
21:21,6.119419598515263,26.573444160752636,32.64066403200079
21:22,5.799168433601675,26.93183664430694,33.36082226681397
21:23,5.329308834109287,26.667122201506615,33.72200407913616
21:24,5.050998311556994,26.583844856829753,34.00592302381396
21:25,5.441761886634656,26.466880041639822,33.388205730968245
21:26,5.398630485111245,26.345951562470642,33.32849421850448
21:27,6.000414098840891,26.40252819121523,32.63365704811637
21:28,5.613448484243584,26.204605686182013,32.926841005203116
21:29,5.382147641270235,25.916714891422252,32.93882442152832
21:30,5.0,25.710448680554318,33.20907431056235
21:31,5.0,25.53468017951992,33.03280277281475
21:32,5.105102131891373,25.53146734553219,32.90096883741712
21:33,5.0,25.993867621665032,33.49162722067412
21:34,5.023351803307208,25.79855883153968,33.26793123925418
21:35,5.0,25.864601395819918,33.36301278548829
21:36,5.0,25.62322641683376,33.121701952564564
21:37,5.0,25.675240542657008,33.173829185980864
21:38,5.0,25.31287955147656,32.80923097097732
21:39,5.238815901096634,25.569059375755064,32.77566753459494
21:40,5.929931813899801,25.83519428078503,32.20341275916142
21:41,5.767978705214185,25.987723930744583,32.53665315617978
21:42,5.963870286757469,25.99293003188419,32.30743161689282
21:43,5.9628237628433896,26.295627941421102,32.58310604454045
21:44,6.04333391808816,26.889728206637812,33.013942555836536
21:45,6.086853564010763,26.867872284741324,32.94024145313277
21:46,5.507500370954592,26.878815429475882,33.688732368783256
21:47,5.327587128042358,27.22603778425524,34.24990518906402
21:48,5.485845113327872,27.345090040811478,34.14724312525777
21:49,5.984300903642558,27.621682253950688,33.730560863212325
21:50,5.514530622593894,27.872082108228085,34.587277034044675
21:51,5.178010260672823,27.870267500519596,35.0566510024289
21:52,5.0,28.10145111638321,35.52782962103797
21:53,5.406747461393015,28.04209158700557,34.891419060004914
21:54,5.0,27.952633611021945,35.38780893580459
21:55,5.477449941001378,28.016037908915727,34.76861236888827
21:56,5.633807953174708,28.20605528367567,34.719180316891574
21:57,5.317126847082617,28.037387484524285,35.0137206504995
21:58,5.748280939126362,28.22709507223474,34.57783757156572
21:59,6.413525170317873,27.88343033634649,33.389968622129295
22:00,6.920104601899531,28.07300414028959,32.8916154715602
22:01,7.118635369271763,27.962690475530696,32.556690196605025
22:02,7.187189742386355,27.8762759283685,32.40556287598044
22:03,6.827463942180008,27.564311905787648,32.60439601534196
22:04,7.323129122157581,27.586156734357818,32.01885273582835
22:05,7.929811321021016,27.609335383091008,31.328093803238158
22:06,8.055954794676962,27.666149211532407,31.225229102344784
22:07,7.968176089805814,27.41992169017083,31.14872950378227
22:08,7.96320572218425,27.421883469926744,31.155718863389104
22:09,7.714459969042266,27.6118527165895,31.577535787124194
22:10,8.293632681244212,27.377731795469867,30.75899690109655
22:11,7.485541687769416,27.480988293144325,31.74705073137381
22:12,7.0494060973661865,27.490628771631258,32.274040270199826
22:13,7.390659475804956,27.32098168146091,31.736568155732396
22:14,7.439856458080834,27.275224265754044,31.644424239793153
22:15,7.632536911869094,27.215989653853374,31.378431835565102
22:16,7.545055776831785,27.172781013834232,31.445648796060993
22:17,7.65309158211133,27.337238962845195,31.445432902990618
22:18,7.033088137002989,27.406701715891234,32.22760573016938
22:19,7.287604327250238,27.631204360938078,32.09581477810112
22:20,6.954723912135189,27.771519472380756,32.61132788076977
22:21,7.8217770772314115,27.816094398717773,31.601253501741287
22:22,7.819686064093816,27.917071105739264,31.676369157598447
22:23,7.787288696051884,27.747644764994618,31.59193327901169
22:24,8.122910259153898,27.755138019964246,31.211979816724003
22:25,7.959962076214701,27.643471727040627,31.318163568939884
22:26,8.7761436694379,27.82912064545536,30.540060583301738
22:27,8.657276597867126,27.89398182661597,30.711538073142076
22:28,8.830304947377282,28.10983049266291,30.66281402446688
22:29,8.057310262394187,28.040993745718218,31.48703027955109
22:30,7.672388855995964,28.24243306097156,32.08635534343714
22:31,7.778468399689394,27.93844152732115,31.740208339260207
22:32,7.989092041549519,27.904492445461322,31.470137873428918
22:33,7.816294731141063,27.880206062205783,31.653829808780028
22:34,7.437989914143401,27.85340502604468,32.08321291336487
22:35,7.3837085838628935,27.573574050989006,31.937146479380385
22:36,7.163319273481741,27.26423308797565,31.959910361769694
22:37,6.760445258559478,27.059512495404125,32.276853766705436
22:38,7.07091520861449,27.05207047305302,31.901486744619252
22:39,7.226973936509369,27.258694442140005,31.880438756929976
22:40,7.3571818063132195,27.43892142398427,31.865983220283375
22:41,7.192072392928673,27.41889153574865,32.046407796677414
22:42,7.121109659722666,27.31084064943002,32.04657862450446
22:43,7.318222771055945,27.193321924712755,31.722909240248264
22:44,7.9540876813899075,26.74206918266973,30.671805602410835
22:45,8.675952831746415,26.655406351594106,29.861295070496492
22:46,9.072324593650297,26.531861803127605,29.389767195126108
22:47,9.245458757305116,26.227803993138085,29.028067715671135
22:48,8.679965073034086,26.06003933405513,29.447195068262097
22:49,8.587284371550416,26.003040630922474,29.4964129218735
22:50,8.476969385023544,26.0019542717424,29.602370653200747
22:51,8.127572992808371,25.63951294066004,29.67863324951592
22:52,7.977194147378483,25.541377372561776,29.751796987778544
22:53,7.522406908288598,25.58549956951845,30.241026985422778
22:54,7.093569131961979,25.67404302820667,30.759824075728652
22:55,7.00707603392724,25.656333937496118,30.83745909284583
22:56,6.952812810836385,25.732473521297578,30.959291850735426
22:57,6.2095613841384925,25.968916316438516,31.99715356710398
22:58,5.506466752076905,25.79129997509484,32.66714688646633
22:59,5.236089154043606,25.76534808799279,32.97151196497841
23:00,5.079165076895803,25.494742981973875,32.89594456648918
23:01,5.518698578156769,25.720563458801948,32.58488736553545
23:02,5.640734057200117,25.399668911874855,32.13460282673186
23:03,6.041197601205203,25.185787771586405,31.478574365641357
23:04,6.358178767140822,25.175941099102243,31.121519761739314
23:05,6.052975654808332,24.930969242837335,31.229657504136018
23:06,6.20424586354792,24.6432760486629,30.80141860004144
23:07,5.727326268480385,24.86539324347892,31.525791675708966
23:08,5.391454635861619,24.520273341144932,31.560737695020517
23:09,5.502697493173437,24.472866767617518,31.391359129245792
23:10,5.755035379152217,24.40512781806706,31.052528462434122
23:11,6.03313494762549,24.123160583526328,30.49184653902802
23:12,5.746651973294957,23.75861958782479,30.430536161091847
23:13,6.436894505109797,23.550636862146277,29.557954474081296
23:14,6.3344755495105876,23.994920817247287,30.0689855711469
23:15,6.603090529236183,24.096769440352023,29.89872493085716
23:16,5.575991834633367,23.89452128438396,30.739789880179647
23:17,5.5552014774942196,23.798250283255214,30.665210739926806
23:18,5.7275643552710385,23.824087712542504,30.51432767483634
23:19,5.634999366123202,24.171044349074087,30.951683431645513
23:20,5.872926860464524,24.045190452443087,30.581208230908853
23:21,5.819224772140812,24.404491099628917,30.983561223348545
23:22,6.726325482994114,24.878560300378698,30.469100348958033
23:23,6.954815439724635,24.944434938902507,30.292128030090833
23:24,6.970961571693477,25.021066792411983,30.34091731620332
23:25,6.251185608506901,24.937352550826215,31.0212349552714
23:26,6.674338325316502,25.059979255437405,30.68157495013081
23:27,6.646719960303964,24.956697017046988,30.620022316081634
23:28,7.476855623726798,24.7893669799245,29.646381111182173
23:29,8.200844281468854,25.078890117341587,29.189501582354342
23:30,8.050591061560723,25.26499315496421,29.471160938942628
23:31,7.916160721891569,25.44375298561777,29.73712430034811
23:32,7.948298804273845,25.47766897353115,29.731623475595356
23:33,7.795837479488097,25.418842869912076,29.83601446549706
23:34,7.018156050886073,25.51060855327279,30.704203366863506
23:35,6.949963097607239,25.181541797429936,30.49875223215049
23:36,6.686270612636836,25.490530928530987,31.042470316339745
23:37,5.995461161318794,25.50690931306974,31.826011219774212
23:38,6.035404452341435,25.812406960116213,32.05915287164691
23:39,6.638859065078992,25.9992979234999,31.53154589649483
23:40,6.694777699901582,25.81732502118826,31.313545084170094
23:41,7.355584800749618,25.72244764140333,30.52274475911648
23:42,7.514654481177468,25.75831988386393,30.38575810748336
23:43,7.984117326215394,25.811252666730443,29.94882308243553
23:44,7.949990866611311,25.556102032636925,29.78967892191539
23:45,7.8690319840313325,25.66675144535813,29.954241807384403
23:46,7.976617453835159,25.65489174849153,29.83834481531749
23:47,6.923692434539856,25.708375028160464,30.97061959787499
23:48,7.612622252939232,25.256697613036184,29.88962954545678
23:49,6.90631607870226,25.46742649340089,30.78653827610128
23:50,6.798010832040858,25.687367339096635,31.089377568596472
23:51,6.553030679720071,25.611704861859348,31.293223573931098
23:52,6.200052800657877,25.465584994160633,31.556679220613525
23:53,5.739072651432744,25.59182393497387,32.201563125965926
23:54,5.1097277195144315,25.62194058462343,32.98529067362344
23:55,5.0,25.994830414558898,33.4925835431123
23:56,5.094225515473587,25.920090509620763,33.29970200128664
23:57,5.0,25.632260386602088,33.13076057101275
23:58,5.0,25.5393423359,33.037488552286675
23:59,5.0,25.404783520071394,32.90202267862089
